CREATE DATABASE EcommerceDB;          -- DATABASES (START-DATE=4JULY26)
USE EcommerceDB;

CREATE TABLE Customers (          -- TABLE 1 
Customer_ID INT PRIMARY KEY,
Customer_Name VARCHAR(50),
Gender VARCHAR(10),
City VARCHAR(30),
State VARCHAR(30),
Email VARCHAR(50)
);

INSERT INTO Customers VALUES
(101,'Amit Sharma','Male','Delhi','Delhi','amit@gmail.com'),
(102,'Priya Verma','Female','Mumbai','Maharashtra','priya@gmail.com'),
(103,'Rahul Singh','Male','Jaipur','Rajasthan','rahul@gmail.com'),
(104,'Sneha Patel','Female','Ahmedabad','Gujarat','sneha@gmail.com'),
(105,'Rohit Kumar','Male','Lucknow','Uttar Pradesh','rohit@gmail.com'),
(106,'Anjali Gupta','Female','Delhi','Delhi','anjali@gmail.com'),
(107,'Vikas Yadav','Male','Patna','Bihar','vikas@gmail.com'),
(108,'Pooja Mehta','Female','Pune','Maharashtra','pooja@gmail.com'),
(109,'Karan Malhotra','Male','Chandigarh','Punjab','karan@gmail.com'),
(110,'Nisha Singh','Female','Bhopal','Madhya Pradesh','nisha@gmail.com');

CREATE TABLE Categories (               --  TABLE 2
Category_ID INT PRIMARY KEY,
Category_Name VARCHAR(30)
);

INSERT INTO Categories VALUES
(1,'Electronics'),
(2,'Clothing'),
(3,'Footwear'),
(4,'Books'),
(5,'Home Appliances');

CREATE TABLE Products (                -- TABLE 3 
Product_ID INT PRIMARY KEY,
Product_Name VARCHAR(50),
Category_ID INT,
Price DECIMAL(10,2),
Stock INT,
FOREIGN KEY(Category_ID) REFERENCES Categories(Category_ID)
);

INSERT INTO Products VALUES
(201,'Laptop',1,65000,15),
(202,'Smartphone',1,25000,30),
(203,'Headphones',1,3000,50),
(204,'T-Shirt',2,800,100),
(205,'Jeans',2,1500,80),
(206,'Running Shoes',3,3500,40),
(207,'Novel',4,500,120),
(208,'Mixer Grinder',5,4500,25),
(209,'Microwave',5,12000,10),
(210,'Sneakers',3,4000,35);

CREATE TABLE Orders (                -- TABLE 4 
Order_ID INT PRIMARY KEY,
Customer_ID INT,
Order_Date DATE,
Payment_Mode VARCHAR(20),
FOREIGN KEY(Customer_ID) REFERENCES Customers(Customer_ID)
);

INSERT INTO Orders VALUES
(301,101,'2026-06-01','UPI'),
(302,102,'2026-06-02','Card'),
(303,103,'2026-06-03','Cash'),
(304,104,'2026-06-04','UPI'),
(305,105,'2026-06-05','Card'),
(306,106,'2026-06-06','UPI'),
(307,107,'2026-06-07','Cash'),
(308,108,'2026-06-08','Card'),
(309,109,'2026-06-09','UPI'),
(310,110,'2026-06-10','Cash');

CREATE TABLE Order_Details (             --  TABLE 5 
Order_Detail_ID INT PRIMARY KEY,
Order_ID INT,
Product_ID INT,
Quantity INT,
FOREIGN KEY(Order_ID) REFERENCES Orders(Order_ID),
FOREIGN KEY(Product_ID) REFERENCES Products(Product_ID)
);

INSERT INTO Order_Details VALUES
(1,301,201,1),
(2,301,203,2),
(3,302,204,3),
(4,303,206,1),
(5,304,202,1),
(6,305,205,2),
(7,306,208,1),
(8,307,207,4),
(9,308,210,2),
(10,309,209,1),
(11,310,203,3),
(12,302,205,1),
(13,304,204,2),
(14,306,201,1),
(15,309,206,1);

--  Q. Display all customers.   -- 15 BASIC QUESTIONS 
SELECT * FROM CUSTOMERS;
-- Q. Display all products.
SELECT * FROM PRODUCTS; 
-- Q. Display all categories.
SELECT * FROM CATEGORIES; 
-- Q. Display all orders.
SELECT * FROM ORDERS; 
-- Q. Display all order details.
SELECT * FROM ORDER_DETAILS; 
-- Q. Show customer names and cities.
SELECT CUSTOMER_NAME , CITY FROM CUSTOMERS; 
-- Q. Show product names and prices.
SELECT PRODUCT_NAME , PRICE FROM PRODUCTS; 
-- Q. Display products with stock greater than 30.
SELECT PRODUCT_NAME , STOCK FROM PRODUCTS WHERE STOCK > 30; 
-- Q. Find customers from Delhi.
SELECT CUSTOMER_NAME , CITY FROM CUSTOMERS WHERE CITY = 'DELHI'; 
-- Q. Find female customers.
SELECT CUSTOMER_NAME , GENDER FROM CUSTOMERS WHERE GENDER ='FEMALE'; 
-- Q. Show products costing more than ₹5000.
SELECT PRODUCT_NAME , PRICE FROM PRODUCTS WHERE PRICE > 5000; 
-- Q. Display all books.
SELECT * FROM PRODUCTS WHERE CATEGORY_ID = 4; 
-- Q. Show all UPI orders.
SELECT * FROM ORDERS WHERE PAYMENT_MODE = 'UPI'; 
-- Q. Display products sorted by price (high to low).
SELECT PRICE FROM PRODUCTS ORDER BY PRICE DESC;
-- Q. Display top 5 most expensive products.
SELECT PRODUCT_NAME , PRICE FROM PRODUCTS ORDER BY PRICE DESC LIMIT 5;


-- Q. Find customers from Delhi AND Male.      --WHERE + AND + OR(15 QUESTIONS) 
SELECT CUSTOMER_NAME , CITY , GENDER 
FROM CUSTOMERS WHERE CITY = 'DELHI' AND GENDER = 'MALE';  
-- Q. Find customers from Mumbai OR Pune. 
SELECT CUSTOMER_NAME , CITY 
FROM CUSTOMERS WHERE CITY = 'DELHI' OR 'PUNE';
-- Q. Find Electronics products costing more than 20,000.
SELECT CATEGORY_ID , PRODUCT_NAME , PRICE
FROM PRODUCTS WHERE CATEGORY_ID = 1 AND PRICE > 20000;
-- Q. Find products with stock less than 20.
SELECT PRODUCT_NAME , STOCK 
FROM PRODUCTS WHERE STOCK < 20; 
-- Q. Show Clothing products.
SELECT CATEGORY_ID , PRODUCT_NAME FROM PRODUCTS WHERE CATEGORY_ID = 2;
-- Q. Find products priced between ₹1000 and ₹5000.
SELECT PRODUCT_NAME , PRICE FROM PRODUCTS WHERE PRICE BETWEEN 1000 AND 5000;  
-- Q. Show customers whose names start with 'A'.
SELECT CUSTOMER_NAME FROM CUSTOMERS WHERE CUSTOMER_NAME LIKE 'A%';
-- Q. Show customers whose names end with 'a'. 
SELECT CUSTOMER_NAME FROM CUSTOMERS WHERE CUSTOMER_NAME LIKE '%A';
-- Q. Find products containing 'Phone'.
SELECT  PRODUCT_NAME FROM PRODUCTS WHERE PRODUCT_NAME LIKE '%PHONE%'; 
-- Q. Show orders placed after 2026-06-05.
SELECT ORDER_DATE FROM ORDERS WHERE ORDER_DATE > '2026-06-05'; 
-- Q. Find Card payments.
SELECT * FROM ORDERS WHERE PAYMENT_MODE = 'CARD'; 
-- Q. Find Cash OR UPI payments.
SELECT * FROM ORDERS WHERE PAYMENT_MODE = 'CASH' OR 'UPI'; 
-- Q. Show customers not from Delhi.
SELECT * FROM CUSTOMERS WHERE CITY <> 'DELHI'; 
-- Q. Display products except Electronics.
SELECT * FROM PRODUCTS WHERE CATEGORY_ID <> 1; 
-- Q. Find customers living in Maharashtra.
SELECT * FROM CUSTOMERS WHERE STATE = 'Maharashtra'; 

-- Q. Count total customers.        -- Aggregate Functions(10 QUESTIONS)  
SELECT COUNT(*) AS TOTAL_CUSTOMERS FROM CUSTOMERS;  
-- Q. Count total products.
SELECT COUNT(PRODUCT_NAME) FROM PRODUCTS; 
-- Q. Find maximum product price.
SELECT MAX(PRICE) FROM PRODUCTS; 
-- Q. Find minimum product price. 
SELECT MIN(PRICE) FROM PRODUCTS; 
-- Q. Find average product price.   
SELECT ROUND(AVG(PRICE), 2) AS AVG_PRICE FROM PRODUCTS;  
-- Q. Find total stock available.   
SELECT SUM(STOCK) AS TOTAL_STOCK FROM PRODUCTS; 
-- Q. Find total number of orders.  
SELECT COUNT(ORDER_ID) FROM ORDERS; 
-- Q. Find average stock.
SELECT ROUND(AVG(STOCK),3) FROM PRODUCTS;   
-- Q. Find total quantity ordered.    
SELECT COUNT(Quantity) AS TOTAL_QUANTITY FROM ORDER_DETAILS;
-- Q. Find highest stock product.     
SELECT PRODUCT_NAME , MAX(STOCK) AS MAX_STOCK FROM PRODUCTS
GROUP BY PRODUCT_NAME ORDER BY MAX(STOCK) DESC LIMIT 1 ; 

-- Q. Count customers city-wise.       -- GROUP BY + HAVING(15 QUESTIONS)  
SELECT CITY , COUNT(CUSTOMER_NAME) AS TOTAL_CUSTOMERS
FROM CUSTOMERS GROUP BY CITY ;  
-- Q. Count products category-wise.
SELECT CATEGORY_ID , COUNT(PRODUCT_NAME) AS PRODUCTS_COUNT
FROM PRODUCTS GROUP BY CATEGORY_ID;
-- Q. Count payment mode wise orders.
SELECT PAYMENT_MODE , COUNT(ORDER_ID) AS TOTAL_ORDERS
FROM ORDERS GROUP BY PAYMENT_MODE ; 
-- Q. Find average product price category-wise.      
SELECT CATEGORY_ID , ROUND(AVG(PRICE),2) AS AVG_PRICE 
FROM PRODUCTS GROUP BY CATEGORY_ID; 
-- Q. Find total stock category-wise.                 
SELECT CATEGORY_ID , SUM(STOCK) AS TOTAL_STOCK
FROM PRODUCTS GROUP BY CATEGORY_ID; 
-- Q. Find total orders per customer.               
SELECT CUSTOMER_ID , COUNT(ORDER_ID) 
FROM ORDERS GROUP BY CUSTOMER_ID; 
-- Q. Show cities having more than 1 customer.
SELECT CITY , COUNT(CUSTOMER_NAME) 
FROM CUSTOMERS GROUP BY CITY  HAVING COUNT(CUSTOMER_NAME) > 1;  
-- Q. Show STATES having more than 1 customer.
SELECT STATE , COUNT(CUSTOMER_NAME) 
FROM CUSTOMERS GROUP BY STATE  HAVING COUNT(CUSTOMER_NAME) > 1;  
-- Q. Show categories having average price above ₹5000.
SELECT CATEGORY_ID , ROUND(AVG(PRICE),2) AS AVG_PRICE
FROM PRODUCTS GROUP BY CATEGORY_ID HAVING AVG(PRICE) > 5000; 
-- Q. Find customers with more than one order.   
SELECT CUSTOMER_ID , COUNT(ORDER_ID)
FROM ORDERS GROUP BY CUSTOMER_ID HAVING COUNT(ORDER_ID) > 1;
-- Q. Show categories with more than one product.
SELECT CATEGORY_ID , COUNT(*) AS PRODUCTS_COUNT
FROM PRODUCTS GROUP BY CATEGORY_ID HAVING COUNT(*) > 1; 
-- Q. Show payment modes used more than 3.   
SELECT PAYMENT_MODE , COUNT(*) AS TOTAL_ORDERS
FROM ORDERS GROUP BY PAYMENT_MODE HAVING COUNT(*) > 3; 
-- Q. Find cities having at least two customers. 
SELECT CITY , COUNT(*) AS TOTAL_CUSTOMERS
FROM CUSTOMERS GROUP BY CITY HAVING COUNT(*) >= 2; 
-- Q. Find categories with stock above 50.       
SELECT CATEGORY_ID , STOCK
FROM PRODUCTS GROUP BY CATEGORY_ID , STOCK HAVING STOCK > 50;
-- Q. Display total products in each category.   
SELECT CATEGORY_ID , COUNT(PRODUCT_ID) AS TOTAL_PRODUCTS 
FROM PRODUCTS GROUP BY CATEGORY_ID ;

-- Show customer name with order date.        -- INNER JOIN(10 QUESTIONS)
SELECT CUSTOMER_NAME , ORDER_DATE 
FROM ORDERS
INNER JOIN CUSTOMERS 
ON ORDERS.CUSTOMER_ID = CUSTOMERS.CUSTOMER_ID 
ORDER BY CUSTOMER_NAME ASC; 
-- Q. Show customer name with payment mode.
SELECT CUSTOMER_NAME , PAYMENT_MODE
FROM ORDERS 
INNER JOIN CUSTOMERS
ON ORDERS.CUSTOMER_ID = CUSTOMERS.CUSTOMER_ID
ORDER BY CUSTOMER_NAME ;  
-- Q. Show order ID with product name.
SELECT ORDER_ID , PRODUCT_NAME 
FROM ORDER_DETAILS
INNER JOIN PRODUCTS
ON ORDER_DETAILS.PRODUCT_ID = PRODUCTS.PRODUCT_ID 
ORDER BY ORDER_ID;
-- Q. Show product name with category.  
SELECT PRODUCT_NAME , CATEGORY_NAME 
FROM PRODUCTS
INNER JOIN CATEGORIES
ON PRODUCTS.CATEGORY_ID = CATEGORIES.CATEGORY_ID
ORDER BY CATEGORY_NAME; 
-- Q. Show customer name and purchased product.
SELECT CUSTOMER_NAME , PRODUCT_NAME 
FROM ORDERS
INNER JOIN CUSTOMERS
ON ORDERS.CUSTOMER_ID = CUSTOMERS.CUSTOMER_ID 
INNER JOIN ORDER_DETAILS
ON ORDER_DETAILS.ORDER_ID = ORDERS.ORDER_ID 
INNER JOIN PRODUCTS 
ON ORDER_DETAILS.PRODUCT_ID = PRODUCTS.PRODUCT_ID; 
-- Q. Show order date and product price.
SELECT ORDER_DATE , PRODUCT_NAME , PRICE AS PRODUCT_PRICE
FROM ORDER_DETAILS AS OD
INNER JOIN ORDERS AS O
ON OD.ORDER_ID = O.ORDER_ID
INNER JOIN PRODUCTS AS P
ON OD.PRODUCT_ID = P.PRODUCT_ID; 
-- Q. Show category name with product price.
SELECT CATEGORY_NAME , PRICE AS PRODUCT_PRICE
FROM PRODUCTS AS P
INNER JOIN CATEGORIES AS C 
ON P.CATEGORY_ID = C.CATEGORY_ID
ORDER BY CATEGORY_NAME;  
-- Q. Show quantity with customer name.
SELECT CUSTOMER_NAME , QUANTITY
FROM  ORDERS AS O
INNER JOIN CUSTOMERS AS C
ON O.CUSTOMER_ID = C.CUSTOMER_ID 
INNER JOIN ORDER_DETAILS AS OD
ON OD.ORDER_ID = O.ORDER_ID
ORDER BY CUSTOMER_NAME;
-- Q. Display customer, product and quantity.
SELECT CUSTOMER_NAME , PRODUCT_NAME , QUANTITY
FROM ORDERS AS O
INNER JOIN CUSTOMERS AS C
ON O.CUSTOMER_ID = C.CUSTOMER_ID
INNER JOIN ORDER_DETAILS AS OD
ON OD.ORDER_ID = O.ORDER_ID
INNER JOIN PRODUCTS AS P
ON P.PRODUCT_ID = OD.PRODUCT_ID
ORDER BY CUSTOMER_NAME ; 
-- Q. Display all orders with customer details.
SELECT * FROM ORDERS 
INNER JOIN CUSTOMERS
ON ORDERS.CUSTOMER_ID = CUSTOMERS.CUSTOMER_ID;  

-- Q. Show all customers even if they haven't ordered. -- LEFT / RIGHT JOIN(7QUS)  
SELECT CUSTOMER_NAME , ORDER_ID , ORDER_DATE 
FROM ORDERS AS O
LEFT JOIN CUSTOMERS AS C 
ON O.CUSTOMER_ID = C.CUSTOMER_ID; 
-- Q. Show all products even if never ordered.
SELECT PRODUCT_NAME , ORDER_ID 
FROM PRODUCTS AS P 
LEFT JOIN  ORDER_DETAILS AS OD
ON OD.PRODUCT_ID = P.PRODUCT_ID; 
-- Q. Show all categories with products.   
SELECT C.CATEGORY_ID , CATEGORY_NAME , PRODUCT_ID ,  PRODUCT_NAME 
FROM CATEGORIES AS C
LEFT JOIN PRODUCTS AS P 
ON C.CATEGORY_ID = P.CATEGORY_ID
ORDER BY CATEGORY_NAME AND C.CATEGORY_ID ; 
-- Q. Find products not ordered.      
SELECT P.PRODUCT_ID , PRODUCT_NAME 
FROM PRODUCTS AS P 
LEFT JOIN ORDER_DETAILS AS OD 
ON P.PRODUCT_ID = OD.PRODUCT_ID 
WHERE OD.PRODUCT_ID IS NULL; 
-- Q. Find customers without orders.
SELECT C.CUSTOMER_ID , CUSTOMER_NAME
FROM CUSTOMERS AS C 
LEFT JOIN ORDERS AS O 
ON C.CUSTOMER_ID = O.CUSTOMER_ID 
WHERE O.CUSTOMER_ID IS NULL; 
-- Q. Display categories without products.
SELECT C.CATEGORY_ID , CATEGORY_NAME  
FROM CATEGORIES AS C 
LEFT JOIN PRODUCTS AS P 
ON C.CATEGORY_ID = P.CATEGORY_ID 
ORDER BY C.CATEGORY_ID;
-- Q. Show all orders including missing product details.
SELECT O.ORDER_ID , ORDER_DATE , OD.PRODUCT_ID 
FROM ORDERS AS O 
LEFT JOIN ORDER_DETAILS AS OD 
ON O.ORDER_ID = OD.ORDER_ID; 

-- Find the most expensive product.   -- (Subqueries 10 QUESTIONS)  
SELECT CUSTOMER_NAME , P.PRODUCT_NAME AS EXPENSIVE_PRODUCT , MAX(P.PRICE) AS PRICE
FROM ORDERS AS O
INNER JOIN CUSTOMERS AS C
ON O.CUSTOMER_ID = C.CUSTOMER_ID 
INNER JOIN ORDER_DETAILS AS OD 
ON OD.ORDER_ID = O.ORDER_ID 
INNER JOIN PRODUCTS AS P
ON P.PRODUCT_ID = OD.PRODUCT_ID 
WHERE PRICE = (SELECT MAX(P.PRICE)  FROM ORDERS AS O)
GROUP BY CUSTOMER_NAME , P.PRODUCT_NAME 
LIMIT 1 ;
-- Q. Find customers who placed the latest order. 
SELECT CUSTOMER_NAME 
FROM CUSTOMERS
WHERE CUSTOMER_ID = (SELECT CUSTOMER_ID 
FROM ORDERS
WHERE ORDER_DATE = (SELECT MAX(ORDER_DATE) FROM ORDERS)
);
-- Q. Find products priced above average.
SELECT PRICE AS ABOVE_AVG_PRICE
FROM PRODUCTS 
WHERE PRICE > (SELECT AVG(PRICE) FROM PRODUCTS); 
-- Q. Find second highest priced product.
SELECT PRICE 
FROM PRODUCTS 
WHERE PRICE = (SELECT MAX(PRICE) FROM PRODUCTS
WHERE PRICE < (SELECT MAX(PRICE) FROM PRODUCTS)
LIMIT 1);  
-- Q. Find customers who purchased Laptop.
SELECT CUSTOMER_NAME , PRODUCT_NAME 
FROM CUSTOMERS AS C 
INNER JOIN ORDERS AS O 
ON O.CUSTOMER_ID = C.CUSTOMER_ID
INNER JOIN ORDER_DETAILS AS OD
ON OD.ORDER_ID = O.ORDER_ID 
INNER JOIN PRODUCTS AS P 
ON P.PRODUCT_ID = OD.PRODUCT_ID 
WHERE PRODUCT_NAME = 'LAPTOP'; 
-- Q. Find products never purchased.
SELECT P.PRODUCT_ID , PRODUCT_NAME
FROM PRODUCTS AS P 
LEFT JOIN ORDER_DETAILS AS OD
ON P.PRODUCT_ID = OD.PRODUCT_ID
WHERE OD.PRODUCT_ID = NULL;
-- Q. Find category with highest average price.
SELECT CATEGORY_NAME , AVG(PRICE) AS AVG_PRICE
FROM CATEGORIES AS C
INNER JOIN PRODUCTS AS P 
ON C.CATEGORY_ID = P.CATEGORY_ID 
GROUP BY CATEGORY_NAME
ORDER BY AVG_PRICE DESC 
LIMIT 1;
-- Q. Find products with highest stock.
SELECT PRODUCT_NAME , MAX(STOCK)
FROM PRODUCTS 
WHERE STOCK = (SELECT MAX(STOCK) FROM PRODUCTS )
GROUP BY PRODUCT_NAME; 
-- Q. Find products with LOWEST stock.
SELECT PRODUCT_NAME , MIN(STOCK)
FROM PRODUCTS 
WHERE STOCK = (SELECT MIN(STOCK) FROM PRODUCTS )
GROUP BY PRODUCT_NAME; 
-- Q. Find customers who purchased Electronics.
SELECT CUSTOMER_NAME 
FROM CUSTOMERS AS CU
INNER JOIN ORDERS AS O 
ON CU.CUSTOMER_ID = O.CUSTOMER_ID 
INNER JOIN ORDER_DETAILS AS OD 
ON OD.ORDER_ID = O.ORDER_ID 
INNER JOIN PRODUCTS AS P 
ON P.PRODUCT_ID = OD.PRODUCT_ID 
INNER JOIN CATEGORIES AS C 
ON C.CATEGORY_ID = P.CATEGORY_ID 
WHERE C.CATEGORY_NAME = 'ELECTRONICS';

-- Q. Best-selling product.         -- Business Analysis Queries(15 QUESTIONS)   
SELECT PRODUCT_NAME , SUM(OD.QUANTITY) AS TOTAL_QUANTITY_SOLD 
FROM PRODUCTS AS P 
INNER JOIN ORDER_DETAILS AS OD 
ON P.PRODUCT_ID = OD.PRODUCT_ID 
GROUP BY PRODUCT_NAME 
ORDER BY TOTAL_QUANTITY_SOLD DESC
LIMIT 1;
-- Q. Most ordered category.
SELECT CATEGORY_NAME , SUM(OD.QUANTITY) AS TOTAL_QUANTITY_SOLD
FROM CATEGORIES AS C 
INNER JOIN PRODUCTS AS P
ON C.CATEGORY_ID = P.CATEGORY_ID 
INNER JOIN ORDER_DETAILS AS OD 
ON OD.PRODUCT_ID = P.PRODUCT_ID 
GROUP BY CATEGORY_NAME 
ORDER BY TOTAL_QUANTITY_SOLD DESC
LIMIT 1;
-- Q. Total revenue of each product.
SELECT PRODUCT_NAME , SUM(PRICE * OD.QUANTITY) AS TOTAL_REVENUE
FROM PRODUCTS AS P  
INNER JOIN ORDER_DETAILS AS OD 
ON P.PRODUCT_ID = OD.PRODUCT_ID
GROUP BY PRODUCT_NAME 
ORDER BY TOTAL_REVENUE DESC ;  
-- Q. Total revenue category-wise.
SELECT CATEGORY_NAME , SUM(P.PRICE * OD.QUANTITY) AS TOTAL_REVENUE
FROM CATEGORIES AS C 
INNER JOIN PRODUCTS AS P 
ON C.CATEGORY_ID = P.CATEGORY_ID 
INNER JOIN ORDER_DETAILS AS OD 
ON OD.PRODUCT_ID = P.PRODUCT_ID 
GROUP BY CATEGORY_NAME 
ORDER BY TOTAL_REVENUE ASC; 
-- Q. Top customer by purchase quantity.
SELECT CUSTOMER_NAME , PRODUCT_NAME , MAX(OD.QUANTITY) AS HIGHEST_QUANTITY
FROM CUSTOMERS AS C 
INNER JOIN ORDERS AS O
ON C.CUSTOMER_ID = O.CUSTOMER_ID
INNER JOIN ORDER_DETAILS AS OD 
ON OD.ORDER_ID = O.ORDER_ID
INNER JOIN PRODUCTS  AS P
ON P.PRODUCT_ID = OD.PRODUCT_ID 
GROUP BY CUSTOMER_NAME , PRODUCT_NAME 
ORDER BY HIGHEST_QUANTITY DESC
LIMIT 1 ;
-- Q. Most popular payment mode.
SELECT PAYMENT_MODE , COUNT(ORDER_ID) AS NUMBER_OF_PAYMENTS  
FROM ORDERS 
GROUP BY PAYMENT_MODE
ORDER BY NUMBER_OF_PAYMENTS DESC
LIMIT 1;
-- Q. City with highest number of customers.
SELECT CITY , COUNT(CUSTOMER_NAME) AS NUMBER_OF_CUSTOMERS
FROM CUSTOMERS 
GROUP BY CITY 
ORDER BY NUMBER_OF_CUSTOMERS DESC
LIMIT 1;  
-- Q. Highest revenue product.
SELECT PRODUCT_NAME , SUM(P.PRICE * OD.QUANTITY) AS HIGHEST_REVENUE 
FROM PRODUCTS AS P 
INNER JOIN ORDER_DETAILS AS OD 
ON P.PRODUCT_ID = OD.PRODUCT_ID 
GROUP BY PRODUCT_NAME 
ORDER BY HIGHEST_REVENUE DESC
LIMIT 1; 
-- Q. Average quantity ordered.
SELECT AVG(QUANTITY)
FROM ORDER_DETAILS ; 
-- Q. Top 3 expensive products.
SELECT PRODUCT_NAME AS EXPENSIVE_PRODUCTS , MAX(PRICE) AS MAX_PRICE  
FROM PRODUCTS 
GROUP BY PRODUCT_NAME 
ORDER BY MAX_PRICE DESC
LIMIT 3;
-- Q. Product with least sales.
SELECT PRODUCT_NAME AS LEAST_PRODUCT , MIN(PRICE) AS MIN_PRICE  
FROM PRODUCTS 
GROUP BY PRODUCT_NAME 
ORDER BY MIN_PRICE ASC
LIMIT 1; 
-- Q. WHICH Category generating highest revenue.
SELECT CATEGORY_NAME , SUM(P.PRICE * OD.QUANTITY) AS HIGHEST_REVENUE
FROM CATEGORIES AS C 
INNER JOIN  PRODUCTS AS P  
ON C.CATEGORY_ID  = P.CATEGORY_ID 
INNER JOIN ORDER_DETAILS AS OD 
ON OD.PRODUCT_ID = P.PRODUCT_ID 
GROUP BY CATEGORY_NAME 
ORDER BY HIGHEST_REVENUE DESC 
LIMIT 1;
-- Q. Total revenue from Electronics.
SELECT CATEGORY_NAME , SUM(P.PRICE * OD.QUANTITY) AS REVENUE
FROM CATEGORIES AS C 
INNER JOIN  PRODUCTS AS P  
ON C.CATEGORY_ID  = P.CATEGORY_ID 
INNER JOIN ORDER_DETAILS AS OD 
ON OD.PRODUCT_ID = P.PRODUCT_ID 
WHERE CATEGORY_NAME = 'ELECTRONICS'
GROUP BY CATEGORY_NAME; 
-- Q. Customer who spent the most.
SELECT CUSTOMER_NAME , SUM(P.PRICE * OD.QUANTITY) AS TOTAL_SPENT
FROM CUSTOMERS AS C
INNER JOIN ORDERS AS O 
ON C.CUSTOMER_ID = O.CUSTOMER_ID 
INNER JOIN ORDER_DETAILS AS OD  
ON OD.ORDER_ID = O.ORDER_ID 
INNER JOIN PRODUCTS AS P 
ON P.PRODUCT_ID = OD.PRODUCT_ID 
GROUP BY CUSTOMER_NAME 
ORDER BY TOTAL_SPENT DESC 
LIMIT 1; 
-- Q. Monthly sales report.
SELECT DATE_FORMAT(O.ORDER_DATE, '%Y-%M') AS MONTH, SUM(P.PRICE * OD.QUANTITY) AS TOTAL_SALES
FROM ORDERS O
INNER JOIN ORDER_DETAILS OD
ON O.ORDER_ID = OD.ORDER_ID
INNER JOIN PRODUCTS P 
ON OD.PRODUCT_ID = P.PRODUCT_ID
GROUP BY DATE_FORMAT(O.ORDER_DATE, '%Y-%M')     -- (97 QUESTIONS) 
ORDER BY MONTH; 
				                     -- WINDOW FUNCTIONS(10 QUS) 
-- Q. ASSIGN A ROW NUMBER TO PRODUCTS ORDERED BY PRICE.   
SELECT ROW_NUMBER() OVER (ORDER BY PRICE DESC) AS ROW_NUMBERS, PRODUCT_ID ,
PRODUCT_NAME , PRICE 
FROM PRODUCTS;  
-- Q. RANK PRODUCTS BASED ON PRICE.
SELECT RANK() OVER(ORDER BY PRODUCT_NAME) AS RANKS , PRODUCT_NAME , PRICE
FROM PRODUCTS ;
-- Q. ASSIGN DENSE RANK TO PRODUCTS BASED ON PRICE.
SELECT DENSE_RANK() OVER(ORDER BY PRODUCT_NAME) AS RANKS 
, PRODUCT_NAME , PRICE
FROM PRODUCTS ; 
-- Q. DISPLAY THE PERCENT RANK OF PRODUCTS BASED ON PRICE.
SELECT  PRODUCT_NAME , PRICE 
, PERCENT_RANK() OVER (ORDER BY PRICE) AS PERCENT  
FROM PRODUCTS; 
-- Q. SHOW THE PREVIOUS PRODUCT PRICE USING LAG().
SELECT PRICE , LAG(PRICE) OVER (ORDER BY PRICE) AS LAG_PRICE
FROM PRODUCTS ; 
-- Q. SHOW THE NEXT PRODUCT PRICE USING LEAD().
SELECT PRICE , LEAD(PRICE) OVER (ORDER BY PRICE DESC) AS LAG_PRICE
FROM PRODUCTS ;  
-- Q. DISPLAY THE FIRST PRODUCT PRICE IN EACH CATEGORY USING FIRST_VALUE().
SELECT  CATEGORY_NAME , PRODUCT_NAME ,  PRICE , 
FIRST_VALUE(PRICE) OVER 
(PARTITION BY C.CATEGORY_ID ORDER BY PRICE) AS FIRST_PRODUCT_PRICE
FROM CATEGORIES AS C
INNER JOIN PRODUCTS AS P 
ON C.CATEGORY_ID = P.CATEGORY_ID ; 
-- Q. DISPLAY THE LAST PRODUCT PRICE IN EACH CATEGORY USING LAST_VALUE().
SELECT CATEGORY_NAME , PRODUCT_NAME , PRICE ,
LAST_VALUE(PRICE) OVER 
(PARTITION BY C.CATEGORY_ID  ORDER BY PRICE 
ROWS BETWEEN UNBOUNDED PRECEDING AND UNBOUNDED FOLLOWING ) AS LAST_PRODUCT_PRICE
FROM CATEGORIES AS C 
INNER JOIN PRODUCTS AS P 
ON C.CATEGORY_ID = P.CATEGORY_ID ; 
-- Q. FIND THE TOP 3 MOST EXPENSIVE PRODUCTS USING ROW_NUMBER().
SELECT PRODUCT_ID , PRODUCT_NAME , PRICE 
FROM (
SELECT PRODUCT_ID , PRODUCT_NAME , PRICE ,
ROW_NUMBER() OVER(ORDER BY PRICE DESC) AS ROW_NUM
FROM PRODUCTS 
) AS T
WHERE ROW_NUM <=3;
-- OR 
SELECT PRODUCT_ID , PRODUCT_NAME , MAX(PRICE) AS MAX_PRICE
FROM PRODUCTS
GROUP BY PRODUCT_ID , PRODUCT_NAME
ORDER BY MAX(PRICE) DESC  
LIMIT 3; 
-- Q. FIND THE SECOND MOST EXPENSIVE PRODUCT USING DENSE_RANK().
SELECT PRODUCT_ID , PRODUCT_NAME , PRICE 
FROM(
SELECT PRODUCT_ID , PRODUCT_NAME , PRICE , 
DENSE_RANK() OVER(ORDER BY PRICE DESC) AS PRICE_RANK
FROM PRODUCTS
) AS T 
WHERE PRICE_RANK = 2 ;
                        -- CASE & CASE EXPRESSION (6 QUS) 
-- Q. DISPLAY PRODUCT PRICE CATEGORY USING CASE.
-- (LESS THAN ₹1000 → LOW PRICE, ₹1000–₹10000 → MEDIUM PRICE, ABOVE ₹10000 → HIGH PRICE) 
SELECT PRODUCT_ID , PRODUCT_NAME , PRICE , 
CASE
WHEN PRICE < 1000 THEN 'LOW PRICE'
WHEN PRICE BETWEEN 1000 AND 10000 THEN 'MEDIUM PRICE'
ELSE 'HIGH PRICE'
END AS PRICE_CATEGORY
FROM PRODUCTS; 
-- Q. DISPLAY STOCK STATUS USING CASE.
-- (STOCK < 20 → LOW STOCK, OTHERWISE → AVAILABLE)
SELECT PRODUCT_NAME , STOCK ,
CASE WHEN STOCK < 20 THEN 'LOW STOCK'
ELSE 'AVAILABLE'
END AS STOCK_CATEGORY
FROM PRODUCTS ; 
-- Q. DISPLAY CUSTOMER TYPE USING CASE BASED ON NUMBER OF ORDERS.
SELECT C.CUSTOMER_ID , CUSTOMER_NAME ,
COUNT(O.ORDER_ID) AS TOTAL_ORDER ,
CASE WHEN COUNT(O.ORDER_ID) > 5 THEN 'REGULAR CUSTOMER'
WHEN COUNT(O.ORDER_ID) BETWEEN 2 AND 5 THEN 'RETURNING CUSTOMER'
ELSE 'NEW CUSTOMER'
END AS CUSTOMER_TYPE
FROM CUSTOMERS AS C 
LEFT JOIN ORDERS AS O 
ON C.CUSTOMER_ID = O.CUSTOMER_ID 
GROUP BY C.CUSTOMER_ID , CUSTOMER_NAME ;
-- Q. DISPLAY PRODUCT DISCOUNT ELIGIBILITY USING CASE.
SELECT PRODUCT_ID , PRODUCT_NAME , PRICE , 
CASE WHEN PRICE > 3000 THEN 'DISCOUNT ELIGIBLE'
ELSE 'NOT ELIGIBLE'
END AS DISCOUNT_STATUS
FROM PRODUCTS ;
-- Q. DISPLAY PAYMENT STATUS USING CASE EXPRESSION.
SELECT ORDER_ID , PAYMENT_MODE , 
CASE WHEN PAYMENT_MODE = 'CASH' THEN 'NICE CUSTOMER'
WHEN PAYMENT_MODE = 'UPI' THEN 'EDUCATED CUSTOMER'
WHEN PAYMENT_MODE = 'CARD' THEN 'GOOD CUSTOMER'
ELSE 'OTHER PAYMENT MTHOD'
END AS PAYMENT_STATUS
FROM ORDERS ; 
-- Q. DISPLAY CUSTOMER PURCHASE LEVEL USING CASE.
SELECT C.CUSTOMER_ID , CUSTOMER_NAME , SUM(OD.QUANTITY * P.PRICE) AS TOTAL_PURCHASE,
CASE WHEN SUM(OD.QUANTITY * P.PRICE) > 50000 THEN 'PREMIUM CUSTOMER'
WHEN SUM(OD.QUANTITY * P.PRICE) BETWEEN 20000 AND 50000 THEN 'REGULAR CUSTOMER'
ELSE 'NORMAL CUSTOMER'
END AS PURCHASE_LEVEL
FROM CUSTOMERS AS C 
JOIN ORDERS AS O 
ON C.CUSTOMER_ID = O.CUSTOMER_ID 
JOIN ORDER_DETAILS AS OD 
ON OD.ORDER_ID = O.ORDER_ID 
JOIN PRODUCTS AS P 
ON P.PRODUCT_ID = OD.PRODUCT_ID 
GROUP BY C.CUSTOMER_ID , CUSTOMER_NAME ;   
								-- END-DATE(13JULY26) (TOTAL 110+ QUESTIONS) 